symbol,date,open,high,low,close,volume
"HU4","2016-03-09","7.45","7.45","7.45","7.45","100"
"HU4","2016-03-10","6.33","6.33","6.33","6.33","200"
"HU4","2016-03-21","5.4","5.4","5.4","5.4","100"
"HU4","2016-04-11","4.61","4.61","4.61","4.61","100"
"HU4","2016-04-15","3.96","3.96","3.96","3.96","100"
"HU4","2016-04-25","3.4","3.4","3.4","3.4","100"
"HU4","2016-04-26","2.93","2.93","2.93","2.93","100"
"HU4","2016-04-27","2.79","2.79","2.51","2.51","12100"
"HU4","2016-04-28","2.47","2.47","2.47","2.47","1000"
"HU4","2016-05-04","2.19","2.19","2.19","2.19","100"
"HU4","2016-05-05","1.86","1.86","1.86","1.86","100"
"HU4","2016-05-10","1.58","1.58","1.58","1.58","600"
"HU4","2016-05-26","1.81","1.81","1.81","1.81","100"
"HU4","2016-05-27","2.05","2.05","2.05","2.05","100"
"HU4","2016-05-30","2.33","2.33","2.33","2.33","200"
"HU4","2016-05-31","2.33","2.33","2.33","2.33","300"
"HU4","2016-06-07","2.33","2.33","2.33","2.33","100"
"HU4","2016-06-10","2.67","2.67","2.67","2.67","100"
"HU4","2016-06-16","2.67","2.67","2.67","2.67","100"
"HU4","2016-06-30","2.28","2.28","2.28","2.28","1400"
"HU4","2016-07-04","1.98","1.98","1.98","1.98","2900"
"HU4","2016-07-05","1.68","1.68","1.68","1.68","200"
"HU4","2016-07-06","1.58","1.58","1.53","1.53","1500"
"HU4","2016-07-07","1.39","1.39","1.39","1.39","10000"
"HU4","2016-07-08","1.58","1.58","1.53","1.58","2800"
"HU4","2016-07-11","1.58","1.58","1.58","1.58","1000"
"HU4","2016-07-12","1.78","1.78","1.78","1.78","200"
"HU4","2016-07-13","1.53","1.63","1.53","1.63","16300"
"HU4","2016-07-14","1.58","1.63","1.34","1.34","5200"
"HU4","2016-07-15","1.53","1.53","1.53","1.53","100"
"HU4","2016-07-18","1.68","1.68","1.53","1.58","6600"
"HU4","2016-07-19","1.68","1.68","1.53","1.58","1200"
"HU4","2016-07-20","1.39","1.58","1.34","1.58","14500"
"HU4","2016-07-21","1.58","1.58","1.58","1.58","200"
"HU4","2016-07-22","1.73","1.73","1.68","1.68","200"
"HU4","2016-07-25","1.73","1.73","1.73","1.73","100"
"HU4","2016-07-26","1.68","1.68","1.63","1.63","5420"
"HU4","2016-07-27","1.93","1.93","1.83","1.83","2500"
"HU4","2016-07-28","1.68","1.68","1.68","1.68","800"
"HU4","2016-07-29","1.88","1.88","1.88","1.88","100"
"HU4","2016-08-01","2.13","2.13","2.13","2.13","100"
"HU4","2016-08-03","2.43","2.43","1.83","2.38","700"
"HU4","2016-08-04","1.98","1.98","1.98","1.98","100"
"HU4","2016-08-05","1.68","2.13","1.68","2.13","200"
"HU4","2016-08-08","1.68","1.73","1.68","1.73","500"
"HU4","2016-08-10","1.93","1.93","1.93","1.93","100"
"HU4","2016-08-11","2.18","2.18","2.18","2.18","100"
"HU4","2016-08-12","2.43","2.43","1.88","2.18","200"
"HU4","2016-08-15","1.88","1.88","1.88","1.88","100"
"HU4","2016-08-16","1.83","1.83","1.63","1.63","1500"
"HU4","2016-08-17","1.63","1.63","1.63","1.63","1000"
"HU4","2016-08-23","1.49","1.49","1.49","1.49","1100"
"HU4","2016-08-26","1.49","1.49","1.49","1.49","100"
"HU4","2016-08-29","1.53","1.53","1.53","1.53","200"
"HU4","2016-09-01","1.53","1.53","1.53","1.53","200"
"HU4","2016-09-06","1.53","1.53","1.53","1.53","200"
"HU4","2016-09-08","1.53","1.53","1.53","1.53","500"
"HU4","2016-09-12","1.53","1.53","1.53","1.53","1500"
"HU4","2016-09-14","1.58","1.58","1.58","1.58","100"
"HU4","2016-09-15","1.58","1.58","1.58","1.58","1400"
"HU4","2016-09-16","1.44","1.44","1.44","1.44","1000"
"HU4","2016-09-23","1.44","1.44","1.44","1.44","3500"
"HU4","2016-09-26","1.44","1.44","1.44","1.44","5000"
"HU4","2016-09-28","1.49","1.49","1.49","1.49","2000"
"HU4","2016-09-29","1.49","1.49","1.49","1.49","3100"
"HU4","2016-10-14","1.68","1.68","1.34","1.68","900"
"HU4","2016-10-17","1.78","1.78","1.78","1.78","400"
"HU4","2016-10-18","1.93","1.93","1.93","1.93","200"
"HU4","2016-10-19","2.13","2.13","2.13","2.13","100"
"HU4","2016-10-20","2.33","2.33","2.33","2.33","100"
"HU4","2016-10-21","2.62","2.62","2.48","2.48","5400"
"HU4","2016-10-25","2.28","2.62","2.28","2.62","1100"
"HU4","2016-10-26","1.98","2.03","1.98","1.98","2200"
"HU4","2016-10-27","2.28","2.28","1.78","1.78","300"
"HU4","2016-10-31","2.18","2.18","1.68","2.18","500"
"HU4","2016-11-01","1.83","1.83","1.83","1.83","200"
"HU4","2016-11-02","2.08","2.08","2.08","2.08","700"
"HU4","2016-11-03","2.38","2.38","2.23","2.38","8500"
"HU4","2016-11-04","2.28","2.28","2.28","2.28","2000"
"HU4","2016-11-07","2.28","2.33","2.28","2.33","10000"
"HU4","2016-11-08","2.62","2.62","2.33","2.33","12900"
"HU4","2016-11-09","2.33","2.52","2.33","2.52","15300"
"HU4","2016-11-10","2.48","2.48","2.48","2.48","2900"
"HU4","2016-11-14","2.23","2.43","2.23","2.43","6800"
"HU4","2016-11-15","2.18","2.38","2.18","2.38","1900"
"HU4","2016-11-16","1.98","2.58","1.98","2.58","20600"
"HU4","2016-11-17","2.58","2.58","2.23","2.58","6600"
"HU4","2016-11-18","2.92","2.92","2.38","2.67","9100"
"HU4","2016-11-21","2.28","2.28","2.28","2.28","500"
"HU4","2016-11-22","2.58","2.58","2.03","2.58","2000"
"HU4","2016-11-23","1.98","2.67","1.98","2.67","2800"
"HU4","2016-11-24","2.03","2.72","2.03","2.72","3500"
"HU4","2016-11-25","2.43","2.43","2.43","2.43","16300"
"HU4","2016-11-28","2.77","2.77","2.77","2.77","5200"
"HU4","2016-11-29","2.38","2.82","2.38","2.82","2100"
"HU4","2016-11-30","2.72","2.72","2.72","2.72","3200"
"HU4","2016-12-01","2.87","2.87","2.87","2.87","100"
"HU4","2016-12-02","3.17","3.27","3.17","3.27","2300"
"HU4","2016-12-05","2.82","3.61","2.82","3.61","1100"
"HU4","2016-12-06","2.58","2.58","2.58","2.58","1000"
"HU4","2016-12-07","2.92","2.92","2.92","2.92","500"
"HU4","2016-12-08","2.52","2.52","2.52","2.52","100"
"HU4","2016-12-09","2.28","2.87","2.28","2.87","2000"
"HU4","2016-12-12","2.58","2.92","2.23","2.92","1200"
"HU4","2016-12-13","2.77","2.77","2.77","2.77","4600"
"HU4","2016-12-14","3.17","3.17","3.17","3.17","200"
"HU4","2016-12-15","2.72","3.17","2.72","3.17","2900"
"HU4","2016-12-16","2.97","2.97","2.92","2.97","3600"
"HU4","2016-12-21","2.92","2.97","2.92","2.97","1200"
"HU4","2016-12-23","3.32","3.32","3.32","3.32","241298"
"HU4","2016-12-26","3.81","3.81","2.82","2.82","2100"
"HU4","2016-12-27","2.77","2.77","2.77","2.77","2000"
"HU4","2016-12-28","2.48","3.12","2.48","2.97","8000"
"HU4","2016-12-29","2.52","2.97","2.52","2.97","9000"
"HU4","2017-01-03","2.87","2.87","2.87","2.87","1000"
"HU4","2017-01-04","2.48","2.87","2.48","2.87","3500"
"HU4","2017-01-05","2.92","2.92","2.92","2.92","600"
"HU4","2017-01-09","2.52","2.52","2.52","2.52","100"
"HU4","2017-01-10","2.87","2.87","2.87","2.87","100"
"HU4","2017-01-12","2.97","2.97","2.97","2.97","7000"
"HU4","2017-01-16","2.97","2.97","2.97","2.97","900"
"HU4","2017-01-19","2.97","3.02","2.97","2.97","7800"
"HU4","2017-01-20","2.97","2.97","2.97","2.97","500"
"HU4","2017-01-24","2.97","2.97","2.97","2.97","1000"
"HU4","2017-02-08","2.97","2.97","2.97","2.97","1000"
"HU4","2017-02-10","3.37","3.37","3.37","3.37","100"
"HU4","2017-02-13","2.87","2.87","2.87","2.87","300"
"HU4","2017-02-14","2.48","2.48","2.48","2.48","500"
"HU4","2017-02-15","2.82","2.82","2.52","2.52","500"
"HU4","2017-02-16","2.87","2.92","2.23","2.23","300"
"HU4","2017-02-17","2.43","2.97","2.43","2.97","2300"
"HU4","2017-02-20","2.33","2.92","2.33","2.92","1100"
"HU4","2017-02-21","2.72","2.72","2.43","2.72","700"
"HU4","2017-02-22","2.87","2.87","2.18","2.87","1000"
"HU4","2017-02-23","2.18","2.87","2.18","2.87","2800"
"HU4","2017-02-24","2.28","2.72","2.28","2.72","2100"
"HU4","2017-02-27","2.87","2.87","2.87","2.87","100"
"HU4","2017-02-28","2.58","2.87","2.58","2.87","2760"
"HU4","2017-03-02","2.48","2.72","2.48","2.72","2560"
"HU4","2017-03-03","2.97","2.97","2.97","2.97","1400"
"HU4","2017-03-07","2.52","2.52","2.52","2.52","200"
"HU4","2017-03-08","2.87","2.87","2.87","2.87","100"
"HU4","2017-03-09","3.22","3.22","2.48","2.48","300"
"HU4","2017-03-10","2.58","3.12","2.48","3.12","60948"
"HU4","2017-03-13","2.62","2.62","2.62","2.62","200"
"HU4","2017-03-14","2.97","2.97","2.97","2.97","1000"
"HU4","2017-03-17","2.67","2.97","2.62","2.62","4300"
"HU4","2017-03-21","2.97","2.97","2.97","2.97","641"
"HU4","2017-03-22","2.97","2.97","2.97","2.97","500"
"HU4","2017-03-23","2.62","3.02","2.62","2.97","12600"
"HU4","2017-03-24","2.97","2.97","2.97","2.97","15000"
"HU4","2017-03-28","3.37","3.37","3.37","3.37","500"
"HU4","2017-04-10","3.71","3.71","3.71","3.71","100"
"HU4","2017-04-12","3.91","3.91","3.91","3.91","100"
"HU4","2017-04-13","3.37","3.37","3.37","3.37","20000"
"HU4","2017-04-14","2.87","3.27","2.87","3.27","6300"
"HU4","2017-04-17","2.62","2.92","2.62","2.92","2100"
"HU4","2017-04-18","2.52","2.97","2.52","2.97","1100"
"HU4","2017-04-19","2.92","2.92","2.33","2.92","1400"
"HU4","2017-04-24","2.82","2.82","2.52","2.52","3100"
"HU4","2017-04-26","2.87","2.87","2.87","2.87","100"
"HU4","2017-05-03","2.87","2.92","2.87","2.87","7000"
"HU4","2017-05-04","2.87","2.92","2.87","2.92","2100"
"HU4","2017-05-08","2.87","2.97","2.52","2.97","2500"
"HU4","2017-05-09","2.97","2.97","2.67","2.97","6100"
"HU4","2017-05-15","2.62","2.62","2.62","2.62","1000"
"HU4","2017-05-16","2.97","2.97","2.62","2.62","7000"
"HU4","2017-05-18","2.33","2.87","2.33","2.87","5600"
"HU4","2017-05-25","2.03","2.72","2.03","2.72","3000"
"HU4","2017-05-29","2.58","2.58","2.58","2.58","100"
"HU4","2017-05-30","2.92","2.92","2.92","2.92","500"
"HU4","2017-06-01","2.58","2.92","2.58","2.92","2100"
"HU4","2017-06-05","2.43","2.92","2.43","2.92","3000"
"HU4","2017-06-06","2.92","2.92","2.92","2.92","100"
"HU4","2017-06-07","3.32","3.32","2.77","3.32","5200"
"HU4","2017-06-08","2.77","2.77","2.77","2.77","2000"
"HU4","2017-06-09","3.17","3.17","3.17","3.17","1000"
"HU4","2017-06-12","2.82","3.17","2.82","3.17","1500"
"HU4","2017-06-14","2.77","3.17","2.77","2.97","3800"
"HU4","2017-06-19","3.35","3.35","3.35","3.35","1200"
"HU4","2017-06-21","2.98","2.98","2.98","2.98","100"
"HU4","2017-06-22","2.54","2.54","2.54","2.54","200"
"HU4","2017-07-05","2.92","2.92","2.92","2.92","2000"
"HU4","2017-07-06","3.35","3.35","3.35","3.35","1700"
"HU4","2017-07-07","3.35","3.35","3.35","3.35","600"
"HU4","2017-07-10","3.68","3.68","3.68","3.68","300"
"HU4","2017-07-11","3.19","3.19","3.19","3.19","2000"
"HU4","2017-07-12","3.03","3.03","3.03","3.03","2000"
"HU4","2017-07-13","3.46","3.46","3.46","3.46","1000"
"HU4","2017-07-14","3.46","3.46","3.46","3.46","600"
"HU4","2017-07-17","3.46","3.46","3.46","3.46","2000"
"HU4","2017-07-25","3.46","3.46","3.46","3.46","3500"
"HU4","2017-07-26","3.08","3.08","3.08","3.08","2000"
"HU4","2017-07-27","2.76","2.76","2.76","2.76","1000"
"HU4","2017-08-17","3.14","3.14","2.54","2.54","500"
"HU4","2017-08-24","3.03","3.03","3.03","3.03","5000"
"HU4","2017-08-25","3.46","3.46","2.6","2.6","400"
"HU4","2017-08-29","3.46","3.46","3.46","3.46","900"
"HU4","2017-09-05","3.25","3.25","3.25","3.25","600"
"HU4","2017-09-07","2.76","2.76","2.76","2.76","500"
"HU4","2017-09-21","2.38","2.38","2.38","2.38","1000"
"HU4","2017-10-13","2.71","2.71","2.06","2.06","1100"
"HU4","2017-11-10","2.38","2.38","2.38","2.38","1000"
"HU4","2017-11-13","2.71","2.71","2.71","2.71","200"
"HU4","2017-11-14","3.08","3.08","3.08","3.08","200"
"HU4","2017-11-15","3.52","3.52","3.52","3.52","200"
"HU4","2017-11-16","3.52","3.52","3.52","3.52","400"
"HU4","2017-11-17","3.52","3.68","3.52","3.68","6000"
"HU4","2017-11-21","3.52","3.52","3.52","3.52","1000"
"HU4","2017-11-23","3.52","3.68","3.3","3.3","1700"
"HU4","2017-11-24","3.52","3.52","3.52","3.52","500"
"HU4","2017-11-27","3.73","3.73","3.73","3.73","1500"
"HU4","2017-11-29","3.79","3.79","3.79","3.79","500"
"HU4","2017-12-01","3.79","3.79","3.79","3.79","500"
"HU4","2017-12-04","3.57","3.57","3.57","3.57","900"
"HU4","2017-12-05","3.73","3.73","3.73","3.73","1000"
"HU4","2017-12-06","3.57","3.68","3.57","3.68","2000"
"HU4","2017-12-08","3.68","3.73","3.68","3.73","2000"
"HU4","2017-12-11","3.68","3.73","3.68","3.73","6000"
"HU4","2017-12-12","3.73","3.73","3.68","3.68","12500"
"HU4","2017-12-13","3.57","3.68","3.57","3.68","1400"
"HU4","2017-12-15","3.52","3.73","3.52","3.73","1200"
"HU4","2017-12-18","3.52","3.52","3.52","3.52","4200"
"HU4","2017-12-19","3.57","3.57","3.52","3.52","2000"
"HU4","2017-12-20","3.25","3.52","3.25","3.52","1200"
"HU4","2017-12-21","3.52","3.52","3.52","3.52","400"
"HU4","2017-12-25","3.25","3.52","3.25","3.52","4200"
"HU4","2017-12-26","3.52","3.52","3.52","3.52","400"
"HU4","2018-01-02","3.52","3.52","3.52","3.52","100"
"HU4","2018-01-04","3.41","3.52","3.41","3.52","3700"
"HU4","2018-01-15","2.98","2.98","2.98","2.98","200"
"HU4","2018-01-16","3.41","3.41","2.98","3.03","16000"
"HU4","2018-01-19","3.08","3.14","3.08","3.08","9300"
"HU4","2018-01-22","3.08","3.08","3.08","3.08","3200"
"HU4","2018-01-23","3.08","3.08","2.87","2.87","9000"
"HU4","2018-01-24","3.08","3.08","3.08","3.08","6000"
"HU4","2018-01-26","2.76","2.76","2.76","2.76","100"
"HU4","2018-01-29","3.14","3.14","3.14","3.14","100"
"HU4","2018-01-30","2.76","2.76","2.76","2.76","500"
"HU4","2018-02-01","3.14","3.14","3.14","3.14","100"
"HU4","2018-02-05","3.57","3.57","3.52","3.52","16400"
"HU4","2018-02-06","3.03","3.52","3.03","3.52","2500"
"HU4","2018-02-07","2.65","3.52","2.65","3.52","1300"
"HU4","2018-02-08","3.08","3.08","3.08","3.08","100"
"HU4","2018-02-09","3.25","3.35","3.25","3.35","1200"
"HU4","2018-02-21","3.35","3.35","3.35","3.35","500"
"HU4","2018-02-23","3.84","3.84","3.84","3.84","100"
"HU4","2018-02-28","3.3","3.3","3.3","3.3","10200"
"HU4","2018-03-01","3.03","3.46","3.03","3.46","6200"
"HU4","2018-03-02","2.87","3.46","2.87","3.46","3000"
"HU4","2018-03-05","3.25","3.25","3.08","3.08","5000"
"HU4","2018-03-07","3.25","3.46","3.25","3.46","11300"
"HU4","2018-03-08","3.35","3.57","3.35","3.57","2100"
"HU4","2018-03-09","3.46","3.46","3.46","3.46","1000"
"HU4","2018-03-12","3.9","3.95","3.52","3.95","35200"
"HU4","2018-03-13","3.35","4.33","3.35","4.06","19600"
"HU4","2018-03-14","3.62","4.27","3.62","4.27","12400"
"HU4","2018-03-16","3.3","4.22","3.3","4.22","25800"
"HU4","2018-03-19","3.3","4.27","3.3","4.27","24100"
"HU4","2018-03-20","3.52","4.38","3.3","4.38","32200"
"HU4","2018-03-21","4.65","4.65","4.6","4.65","7500"
"HU4","2018-03-22","5.19","5.19","4.87","4.87","3300"
"HU4","2018-03-26","4.49","4.81","4.49","4.81","1700"
"HU4","2018-03-27","4.87","4.87","4.49","4.54","10100"
"HU4","2018-04-02","4.87","4.87","4.87","4.87","100"
"HU4","2018-04-16","5.41","5.41","5.41","5.41","200"
"HU4","2018-04-18","5.41","5.46","5.41","5.41","6000"
"HU4","2018-04-24","5.36","5.36","5.36","5.36","100"
"HU4","2018-05-17","5.63","5.68","5.57","5.57","2000"
"HU4","2018-07-02","3.57","5.63","3.52","4.98","17600"
"HU4","2018-07-03","4.92","4.92","4.92","4.92","100"
"HU4","2018-07-05","4.92","4.92","4.87","4.87","1400"
"HU4","2018-07-11","4.87","4.87","4.87","4.87","1000"
"HU4","2018-07-12","5.52","5.52","5.52","5.52","100"
"HU4","2018-07-18","4.71","4.71","4.71","4.71","2700"
"HU4","2018-07-23","4.81","4.81","4.81","4.81","100"
"HU4","2018-07-25","5.52","5.52","5.52","5.52","100"
"HU4","2018-07-26","6.28","6.28","6.28","6.28","100"
"HU4","2018-08-01","6.98","6.98","6.98","6.98","100"
"HU4","2018-08-21","5.95","5.95","5.95","5.95","26300"
"HU4","2018-08-22","5.14","5.3","5.14","5.3","6800"
"HU4","2018-08-23","5.14","5.52","5.14","5.3","35800"
"HU4","2018-08-24","5.68","6.11","5.36","6.11","174640"
"HU4","2018-08-27","6.38","6.38","6.22","6.38","64690"
"HU4","2018-08-28","6.92","7.3","6.6","6.98","103800"
"HU4","2018-08-29","6.92","6.98","6.49","6.65","88800"
"HU4","2018-08-30","6.49","6.6","6.33","6.49","35670"
"HU4","2018-08-31","6.49","6.49","6.22","6.44","29530"
"HU4","2018-09-04","6.22","6.76","6.22","6.76","110574"
"HU4","2018-09-05","6.49","6.76","6.38","6.44","49779"
"HU4","2018-09-06","6.49","6.76","6.28","6.49","42900"
"HU4","2018-09-07","6.54","6.54","6.02","6.09","2210"
"HU4","2018-09-10","5.34","6.32","5.34","5.49","12800"
"HU4","2018-09-11","6.09","6.17","5.57","6.17","7320"
"HU4","2018-09-12","6.02","6.17","6.02","6.02","7710"
"HU4","2018-09-13","6.02","6.02","5.79","6.02","12400"
"HU4","2018-09-14","6.02","6.09","5.79","5.94","7900"
"HU4","2018-09-17","5.94","6.02","5.72","5.94","11504"
"HU4","2018-09-18","5.72","5.94","5.42","5.42","15200"
"HU4","2018-09-19","5.49","5.64","5.34","5.64","8175"
"HU4","2018-09-20","5.34","5.34","5.27","5.27","31700"
"HU4","2018-09-21","5.49","5.49","5.27","5.27","5296"
"HU4","2018-09-24","5.64","5.64","5.27","5.27","4610"
"HU4","2018-09-25","5.27","5.42","5.19","5.19","4500"
"HU4","2018-09-26","5.27","5.27","5.04","5.12","9200"
"HU4","2018-09-27","4.74","4.74","4.66","4.66","15700"
"HU4","2018-09-28","4.74","4.82","4.74","4.82","9600"
"HU4","2018-10-01","4.82","5.04","4.82","4.89","10100"
"HU4","2018-10-02","4.89","4.96","4.89","4.89","7000"
"HU4","2018-10-03","5.12","5.12","4.82","4.82","38400"
"HU4","2018-10-04","4.89","5.04","4.89","5.04","1100"
"HU4","2018-10-05","4.89","4.89","4.89","4.89","300"
"HU4","2018-10-08","5.49","5.49","5.27","5.27","2630"
"HU4","2018-10-09","4.89","4.89","4.89","4.89","2100"
"HU4","2018-10-10","5.42","5.42","5.42","5.42","2000"
"HU4","2018-10-11","4.74","4.74","4.66","4.66","3200"
"HU4","2018-10-12","5.12","5.12","5.12","5.12","100"
"HU4","2018-10-16","4.74","4.82","4.74","4.74","400"
"HU4","2018-10-17","4.74","4.74","4.74","4.74","200"
"HU4","2018-10-18","4.82","4.82","4.74","4.74","1400"
"HU4","2018-10-19","5.19","5.19","4.74","4.74","600"
"HU4","2018-10-22","4.74","4.74","4.59","4.66","2400"
"HU4","2018-10-23","5.19","5.19","4.29","4.51","13900"
"HU4","2018-10-24","5.19","5.19","5.19","5.19","2000"
"HU4","2018-10-25","4.51","4.51","4.51","4.51","4000"
"HU4","2018-10-26","4.51","4.51","4.51","4.51","1000"
"HU4","2018-10-29","4.51","4.51","4.51","4.51","910"
"HU4","2018-10-31","5.12","5.12","4.51","4.51","4000"
"HU4","2018-11-01","4.51","4.51","4.51","4.51","100"
"HU4","2018-11-02","4.51","4.51","4.36","4.36","7300"
"HU4","2018-11-05","4.51","4.51","4.51","4.51","5000"
"HU4","2018-11-06","4.51","4.51","4.51","4.51","6000"
"HU4","2018-11-07","4.51","4.51","4.51","4.51","1000"
"HU4","2018-11-08","4.51","4.51","4.51","4.51","910"
"HU4","2018-11-13","4.21","4.29","4.21","4.21","8400"
"HU4","2018-11-14","4.21","4.21","4.21","4.21","2000"
"HU4","2018-11-15","4.74","4.74","4.74","4.74","100"
"HU4","2018-11-16","4.82","4.82","4.82","4.82","100"
"HU4","2018-11-20","4.51","4.51","4.51","4.51","1000"
"HU4","2018-11-21","3.84","4.36","3.84","4.36","1100"
"HU4","2018-11-22","4.44","4.44","4.44","4.44","900"
"HU4","2018-11-23","4.66","4.66","4.66","4.66","400"
"HU4","2018-11-28","4.51","4.51","4.51","4.51","4905"
"HU4","2018-11-29","4.51","4.51","3.84","3.84","6700"
"HU4","2018-12-03","4.06","4.06","4.06","3.84","5"
"HU4","2018-12-04","4.06","4.06","4.06","4.06","100"
"HU4","2018-12-06","4.06","4.06","4.06","4.06","400"
"HU4","2018-12-10","4.14","4.14","4.06","4.06","900"
"HU4","2018-12-12","4.21","4.21","4.21","4.21","200"
"HU4","2018-12-13","4.21","4.21","4.21","4.21","1300"
"HU4","2018-12-14","4.74","4.74","4.74","4.74","100"
"HU4","2018-12-17","4.51","4.51","4.44","4.44","300"
"HU4","2018-12-18","5.12","5.12","5.12","5.12","100"
"HU4","2018-12-20","5.57","5.57","5.57","5.57","100"
"HU4","2018-12-24","5.87","5.87","5.87","5.87","100"
"HU4","2018-12-27","5.04","5.04","5.04","5.04","100"
"HU4","2018-12-28","5.79","5.79","5.79","5.79","100"
"HU4","2019-01-02","5.94","5.94","4.96","4.96","300"
"HU4","2019-01-03","5.57","5.57","4.51","4.51","400"
"HU4","2019-01-04","5.42","5.42","4.44","4.44","1400"
"HU4","2019-01-07","5.12","5.12","4.44","4.44","400"
"HU4","2019-01-09","5.27","5.27","3.99","3.99","800"
"HU4","2019-01-10","4.74","4.74","4.74","4.74","100"
"HU4","2019-01-11","5.19","5.19","5.19","5.19","100"
"HU4","2019-01-14","5.57","5.57","5.57","5.57","500"
"HU4","2019-01-15","5.94","5.94","4.74","4.74","1800"
"HU4","2019-01-16","5.19","5.19","5.19","5.19","100"
"HU4","2019-01-17","4.44","4.44","4.44","4.44","3000"
"HU4","2019-01-21","4.44","4.44","4.44","4.44","5"
"HU4","2019-01-22","4.96","4.96","4.96","4.96","100"
"HU4","2019-01-23","5.19","5.19","5.19","5.19","100"
"HU4","2019-01-24","5.34","5.34","5.34","5.34","100"
"HU4","2019-01-28","4.59","4.59","4.59","4.59","1000"
"HU4","2019-01-30","4.96","4.96","4.96","4.96","200"
"HU4","2019-01-31","5.12","5.12","5.12","5.12","100"
"HU4","2019-02-11","5.42","5.42","5.42","5.42","200"
"HU4","2019-02-22","6.02","6.02","4.66","4.66","3400"
"HU4","2019-02-25","5.34","5.34","4.06","4.14","9900"
"HU4","2019-02-26","4.66","4.66","4.14","4.14","4300"
"HU4","2019-02-27","4.74","4.74","4.14","4.14","3300"
"HU4","2019-02-28","4.74","4.74","4.74","4.74","100"
"HU4","2019-03-01","5.19","5.19","4.14","5.12","500"
"HU4","2019-03-04","5.12","5.12","4.29","4.29","8400"
"HU4","2019-03-05","4.29","4.29","4.14","4.14","4100"
"HU4","2019-03-06","4.21","4.21","4.21","4.21","1500"
"HU4","2019-03-07","4.44","4.44","4.29","4.29","200"
"HU4","2019-03-08","4.14","4.14","3.91","3.99","7400"
"HU4","2019-03-11","4.29","4.29","3.91","4.29","1000"
"HU4","2019-03-12","4.29","4.29","4.29","4.29","100"
"HU4","2019-03-13","3.91","3.91","3.76","3.76","5800"
"HU4","2019-03-14","4.21","4.29","4.06","4.29","240200"
"HU4","2019-03-15","4.44","4.44","4.44","4.44","100"
"HU4","2019-03-18","5.04","5.04","4.29","4.29","1100"
"HU4","2019-03-19","4.44","4.44","4.29","4.36","10200"
"HU4","2019-03-20","4.89","4.89","4.29","4.29","11000"
"HU4","2019-03-21","4.74","4.74","4.44","4.44","2105"
"HU4","2019-03-22","5.19","5.19","4.51","4.51","200"
"HU4","2019-03-25","4.36","4.36","4.36","4.36","300"
"HU4","2019-03-26","4.89","4.89","4.89","4.89","100"
"HU4","2019-03-28","5.19","5.19","5.19","5.19","100"
"HU4","2019-03-29","4.44","5.04","4.44","4.44","9400"
"HU4","2019-04-01","4.14","4.14","3.99","4.14","300"
"HU4","2019-04-02","4.66","4.66","4.66","4.66","7100"
"HU4","2019-04-03","4.66","5.12","4.66","5.12","700"
"HU4","2019-04-04","4.29","4.66","4.29","4.66","990"
"HU4","2019-04-05","4.06","4.66","4.06","4.66","200"
"HU4","2019-04-09","4.21","4.21","4.21","4.21","100"
"HU4","2019-04-10","4.14","4.14","4.14","4.14","1800"
"HU4","2019-04-11","3.84","4.36","3.84","4.36","200"
"HU4","2019-04-12","4.21","4.21","4.21","4.21","100"
"HU4","2019-04-16","3.91","4.06","3.91","3.99","400"
"HU4","2019-04-17","4.36","4.36","4.36","4.36","100"
"HU4","2019-04-18","4.36","4.36","4.36","4.36","5"
"HU4","2019-04-23","4.44","4.44","3.91","3.91","200"
"HU4","2019-04-24","3.91","4.14","3.91","4.14","500"
"HU4","2019-05-02","4.44","4.44","4.44","4.44","100"
"HU4","2019-05-03","4.29","4.29","4.29","4.29","700"
"HU4","2019-05-06","3.91","3.91","3.76","3.91","600"
"HU4","2019-05-07","4.21","4.21","3.91","3.91","2495"
"HU4","2019-05-08","4.21","4.21","4.21","4.21","100"
"HU4","2019-05-09","3.91","3.91","3.91","3.91","500"
"HU4","2019-05-17","4.14","4.14","4.14","4.14","100"
"HU4","2019-05-21","4.21","4.21","4.21","4.21","1000"
"HU4","2019-05-22","4.44","4.44","4.44","4.44","100"
"HU4","2019-05-23","4.14","4.14","4.14","4.14","1200"
"HU4","2019-05-24","3.76","3.76","3.76","3.76","8000"
"HU4","2019-05-29","4.06","4.06","3.99","3.99","200"
"HU4","2019-06-12","4.06","4.06","4.06","4.06","200"
"HU4","2019-06-14","3.99","3.99","3.99","3.99","100"
"HU4","2019-06-17","3.54","3.54","3.46","3.54","1000"
"HU4","2019-06-18","3.91","3.91","3.54","3.54","1100"
"HU4","2019-06-19","3.76","3.76","3.54","3.54","1100"
"HU4","2019-06-20","3.84","3.84","3.84","3.84","100"
"HU4","2019-06-28","3.76","3.76","3.76","3.76","300"
"HU4","2019-07-02","3.61","3.76","3.61","3.76","3100"
"HU4","2019-07-04","3.69","3.69","3.69","3.69","200"
"HU4","2019-07-05","3.69","3.69","3.39","3.39","200"
"HU4","2019-07-08","3.61","3.61","3.54","3.54","5800"
"HU4","2019-07-09","3.61","3.61","3.61","3.61","2600"
"HU4","2019-07-10","3.76","4.14","3.76","4.14","600"
"HU4","2019-07-15","4.06","4.14","3.99","3.99","1300"
"HU4","2019-07-16","4.06","4.14","4.06","4.14","400"
"HU4","2019-07-17","4.06","4.06","4.06","4.06","200"
"HU4","2019-07-18","4.06","4.06","4.06","4.06","200"
"HU4","2019-07-19","3.91","3.91","3.76","3.76","1400"
"HU4","2019-07-22","3.76","3.76","3.76","3.76","100"
"HU4","2019-07-26","3.54","3.54","3.54","3.54","300"
"HU4","2019-07-30","3.61","3.61","3.54","3.54","10000"
"HU4","2019-07-31","3.99","3.99","3.99","3.99","100"
"HU4","2019-08-05","3.99","4.06","3.99","4.06","1000"
"HU4","2019-08-08","4.44","4.44","4.44","4.44","100"
"HU4","2019-08-14","3.84","3.84","3.84","3.84","500"
"HU4","2019-08-16","3.54","3.54","3.54","3.54","300"
"HU4","2019-08-20","3.61","3.69","3.61","3.61","5900"
"HU4","2019-08-22","3.54","3.54","3.54","3.54","1000"
"HU4","2019-08-23","3.61","3.61","3.61","3.61","1300"
"HU4","2019-08-27","3.39","3.39","3.39","3.39","500"
"HU4","2019-08-28","3.76","3.76","3.76","3.76","100"
"HU4","2019-09-10","4.06","4.06","4.06","4.06","100"
"HU4","2019-09-18","3.76","3.76","3.76","3.76","2200"
"HU4","2019-09-19","3.69","3.69","3.69","3.69","500"
"HU4","2019-09-25","3.61","3.61","3.61","3.61","500"
"HU4","2019-09-26","3.61","3.61","3.61","3.61","3000"
"HU4","2019-09-27","3.61","3.61","3.61","3.61","3000"
"HU4","2019-10-01","3.69","3.69","3.69","3.69","500"
"HU4","2019-10-02","3.54","3.54","3.54","3.54","600"
"HU4","2019-10-03","3.54","3.54","3.54","3.54","500"
"HU4","2019-10-07","3.69","3.69","3.69","3.69","1800"
"HU4","2019-10-10","3.16","3.16","3.16","3.16","100"
"HU4","2019-10-11","3.61","3.61","3.61","3.61","300"
"HU4","2019-10-14","3.69","3.69","3.69","3.69","400"
"HU4","2019-10-16","3.31","3.69","3.31","3.69","200"
"HU4","2019-10-17","3.78","3.78","3.78","3.78","600"
"HU4","2019-10-18","3.22","3.78","3.22","3.78","3100"
"HU4","2019-10-21","3.86","3.86","3.86","3.86","400"
"HU4","2019-10-23","3.86","3.86","3.86","3.86","1700"
"HU4","2019-10-24","4.18","4.18","4.18","4.18","100"
"HU4","2019-10-25","3.78","3.78","3.78","3.78","100"
"HU4","2019-10-29","3.94","3.94","3.94","3.94","500"
"HU4","2019-11-04","3.94","3.94","3.94","3.94","200"
"HU4","2019-11-08","3.78","3.78","3.78","3.78","1000"
"HU4","2019-11-12","3.86","3.94","3.78","3.78","4000"
"HU4","2019-11-13","3.78","3.78","3.78","3.78","300"
"HU4","2019-11-14","3.78","3.78","3.78","3.78","2200"
"HU4","2019-11-15","3.78","3.78","3.78","3.78","4800"
"HU4","2019-11-18","3.86","3.86","3.86","3.86","400"
"HU4","2019-11-19","4.34","4.34","4.34","4.34","100"
"HU4","2019-11-21","3.78","3.86","3.78","3.86","3500"
"HU4","2019-11-22","3.86","3.86","3.86","3.86","10100"
"HU4","2019-11-25","4.26","4.26","3.86","3.86","600"
"HU4","2019-11-28","3.94","3.94","3.94","3.94","51500"
"HU4","2019-12-05","4.26","4.26","4.26","4.26","2100"
"HU4","2019-12-09","3.94","3.94","3.94","3.94","2700"
"HU4","2019-12-11","4.26","4.26","4.26","4.26","100"
"HU4","2019-12-16","3.94","3.94","3.94","3.94","2100"
"HU4","2019-12-19","4.02","4.02","4.02","4.02","500"
"HU4","2019-12-24","3.94","3.94","3.94","3.94","2600"
"HU4","2019-12-25","3.94","3.94","3.94","3.94","8500"
"HU4","2019-12-30","3.94","3.94","3.86","3.94","2900"
"HU4","2019-12-31","3.94","3.94","3.94","3.94","100"
"HU4","2020-01-02","3.94","3.94","3.94","3.94","2000"
"HU4","2020-01-06","3.94","3.94","3.86","3.86","4200"
"HU4","2020-01-08","3.86","3.86","3.86","3.86","200"
"HU4","2020-01-13","4.02","4.02","4.02","4.02","100"
"HU4","2020-01-17","4.5","4.5","3.86","3.94","1800"
"HU4","2020-01-22","4.5","4.5","4.5","4.5","100"
"HU4","2020-01-31","5.07","5.07","5.07","5.07","100"
"HU4","2020-02-03","5.63","5.63","4.34","4.99","1200"
"HU4","2020-02-05","4.83","4.83","4.83","4.83","100"
"HU4","2020-02-06","4.1","4.1","4.1","4.1","2300"
"HU4","2020-02-07","3.94","3.94","3.94","3.94","2000"
"HU4","2020-02-10","4.34","4.34","4.34","4.34","100"
"HU4","2020-02-12","4.91","4.91","3.86","3.86","300"
"HU4","2020-02-13","4.75","4.75","3.94","3.94","200"
"HU4","2020-02-14","3.94","3.94","3.94","3.94","100"
"HU4","2020-02-17","3.94","3.94","3.94","3.94","400"
"HU4","2020-02-24","3.86","3.86","3.78","3.78","200"
"HU4","2020-02-28","3.94","3.94","3.94","3.94","500"
"HU4","2020-03-02","3.94","3.94","3.94","3.94","1500"
"HU4","2020-03-03","3.94","3.94","3.94","3.94","100"
"HU4","2020-03-04","4.26","4.5","4.26","4.26","3500"
"HU4","2020-03-05","4.83","4.83","4.34","4.42","2100"
"HU4","2020-03-06","4.91","4.99","4.83","4.91","4400"
"HU4","2020-03-09","5.47","5.47","5.47","5.47","100"
"HU4","2020-03-10","4.66","4.66","4.66","4.66","14200"
"HU4","2020-03-11","4.66","4.66","4.02","4.02","11100"
"HU4","2020-03-12","4.99","4.99","4.58","4.66","14600"
"HU4","2020-03-13","4.58","4.66","4.02","4.02","6100"
"HU4","2020-03-17","5.07","5.07","5.07","5.07","100"
"HU4","2020-03-18","4.34","4.5","4.34","4.34","23500"
"HU4","2020-03-20","4.83","4.83","4.83","4.83","100"
"HU4","2020-03-23","5.07","5.07","4.1","4.1","10200"
"HU4","2020-03-24","4.66","4.66","4.66","4.66","100"
"HU4","2020-03-25","5.15","5.15","5.15","5.15","100"
"HU4","2020-03-26","4.42","5.15","4.42","5.15","200"
"HU4","2020-03-27","5.39","5.39","5.39","5.39","100"
"HU4","2020-03-30","4.58","4.58","4.58","4.58","200"
"HU4","2020-03-31","5.07","5.07","3.94","4.02","7600"
"HU4","2020-04-01","4.58","4.58","4.58","4.58","100"
"HU4","2020-04-03","5.07","5.07","5.07","5.07","100"
"HU4","2020-04-06","5.55","5.55","5.55","5.55","100"
"HU4","2020-04-07","6.03","6.03","6.03","6.03","100"
"HU4","2020-04-14","5.15","5.95","5.15","5.95","300"
"HU4","2020-04-15","5.95","5.95","4.91","4.91","200"
"HU4","2020-04-16","5.95","5.95","4.66","4.66","200"
"HU4","2020-04-17","5.95","5.95","4.58","4.58","700"
"HU4","2020-04-21","4.1","4.1","4.1","4.1","50000"
"HU4","2020-04-22","3.78","3.94","3.78","3.86","10100"
"HU4","2020-04-23","4.34","4.34","4.34","4.34","100"
"HU4","2020-04-24","4.1","4.18","4.1","4.18","300"
"HU4","2020-04-29","3.78","4.02","3.78","3.94","9500"
"HU4","2020-05-06","3.86","3.86","3.86","3.86","400"
"HU4","2020-05-07","4.1","4.18","4.1","4.18","2100"
"HU4","2020-05-11","4.66","4.66","4.66","4.66","1300"
"HU4","2020-05-13","4.1","4.1","4.02","4.1","1600"
"HU4","2020-05-18","3.54","3.54","3.54","3.54","100"
"HU4","2020-05-19","3.94","4.02","3.86","4.02","8100"
"HU4","2020-05-20","4.5","4.5","4.5","4.5","100"
"HU4","2020-05-21","3.94","4.5","3.94","4.42","8500"
"HU4","2020-05-25","4.1","4.1","4.1","4.1","100"
"HU4","2020-05-26","4.58","4.58","4.1","4.34","1600"
"HU4","2020-05-27","4.02","4.1","4.02","4.1","500"
"HU4","2020-05-28","4.42","4.42","4.18","4.18","1200"
"HU4","2020-05-29","4.26","4.34","4.26","4.34","1500"
"HU4","2020-06-01","4.26","4.34","4.26","4.26","2500"
"HU4","2020-06-02","4.34","4.5","4.34","4.5","12300"
"HU4","2020-06-03","4.58","4.58","4.5","4.5","13000"
"HU4","2020-06-04","4.5","4.5","4.5","4.5","11500"
"HU4","2020-06-08","4.5","4.5","4.5","4.5","500"
"HU4","2020-06-09","3.94","3.94","3.94","3.94","100"
"HU4","2020-06-10","4.34","4.5","4.34","4.5","8400"
"HU4","2020-06-11","4.5","4.5","4.5","4.5","17500"
"HU4","2020-06-12","3.94","3.94","3.94","3.94","100"
"HU4","2020-06-15","4.5","4.5","4.42","4.5","14800"
"HU4","2020-06-16","4.5","4.58","4.5","4.58","1200"
"HU4","2020-06-17","4.83","4.83","4.83","4.83","100"
"HU4","2020-06-18","4.1","4.42","4.1","4.42","200"
"HU4","2020-06-19","4.58","4.83","4.58","4.83","2900"
"HU4","2020-06-22","5.39","5.39","4.83","5.23","2700"
"HU4","2020-06-23","5.07","5.79","5.07","5.79","26300"
"HU4","2020-06-24","5.23","5.55","5.23","5.55","2300"
"HU4","2020-06-25","5.63","5.79","5.63","5.79","3600"
"HU4","2020-06-26","5.87","5.87","5.87","5.87","100"
"HU4","2020-06-30","6.59","6.67","6.43","6.43","11100"
"HU4","2020-07-02","5.63","5.63","5.63","5.63","100"
"HU4","2020-07-03","6.27","6.27","6.27","6.27","100"
"HU4","2020-07-07","5.39","6.11","5.39","6.11","200"
"HU4","2020-07-08","6.11","6.11","6.03","6.03","200"
"HU4","2020-07-09","6.03","6.84","6.03","6.84","800"
"HU4","2020-07-13","5.31","5.31","5.31","5.31","100"
"HU4","2020-07-15","5.79","5.79","5.79","5.79","1000"
"HU4","2020-07-16","5.07","5.07","5.07","5.07","100"
"HU4","2020-07-17","5.07","5.07","5.07","5.07","1000"
"HU4","2020-07-20","5.23","5.23","5.15","5.23","7300"
"HU4","2020-07-21","5.31","5.31","5.31","5.31","3600"
"HU4","2020-07-22","5.39","5.39","5.39","5.39","13600"
"HU4","2020-07-23","5.39","5.39","5.39","5.39","8200"
"HU4","2020-07-24","5.39","5.79","5.39","5.79","6700"
"HU4","2020-07-27","4.58","5.63","4.58","5.39","1200"
"HU4","2020-07-28","6.03","6.03","6.03","6.03","100"
"HU4","2020-07-29","5.15","5.15","5.15","5.15","9900"
"HU4","2020-07-30","5.63","5.63","5.63","5.63","200"
"HU4","2020-08-04","5.79","5.79","5.79","5.79","100"
"HU4","2020-08-07","5.23","5.23","5.23","5.23","2400"
"HU4","2020-08-10","5.95","5.95","5.47","5.47","1500"
"HU4","2020-08-11","5.71","5.71","5.63","5.63","300"
"HU4","2020-08-13","5.23","5.31","5.23","5.31","2500"
"HU4","2020-08-14","5.31","5.31","5.23","5.23","15000"
"HU4","2020-08-17","5.79","5.79","5.79","5.79","100"
"HU4","2020-08-19","5.79","5.79","5.47","5.47","26000"
"HU4","2020-08-20","6.03","6.03","6.03","6.03","100"
"HU4","2020-08-21","5.31","6.03","5.31","6.03","8700"
"HU4","2020-08-24","5.55","5.71","5.55","5.55","2500"
"HU4","2020-08-25","5.71","5.95","5.71","5.87","20700"
"HU4","2020-08-26","5.87","5.87","5.79","5.79","5500"
"HU4","2020-08-27","5.87","5.87","5.79","5.79","31000"
"HU4","2020-08-28","5.71","5.79","5.71","5.79","2000"
"HU4","2020-08-31","5.79","5.79","5.63","5.79","6300"
"HU4","2020-09-01","5.71","5.71","5.71","5.71","1000"
"HU4","2020-09-03","5.79","5.95","5.79","5.95","6000"
"HU4","2020-09-04","5.79","5.79","5.79","5.79","22000"
"HU4","2020-09-07","6.11","6.11","6.11","6.11","400"
"HU4","2020-09-08","6.11","6.11","5.71","5.71","10600"
"HU4","2020-09-09","6.11","6.11","6.11","6.11","100"
"HU4","2020-09-10","6.11","6.11","6.11","6.11","500"
"HU4","2020-09-11","6.51","6.51","5.79","5.79","2100"
"HU4","2020-09-14","6.19","6.19","6.19","6.19","100"
"HU4","2020-09-21","5.79","5.79","5.47","5.63","4700"
"HU4","2020-09-22","5.63","5.63","5.63","5.63","1500"
"HU4","2020-09-23","5.55","5.71","5.55","5.71","9200"
"HU4","2020-09-24","5.63","5.63","5.63","5.63","1000"
"HU4","2020-09-25","6.07","6.07","6.07","6.07","800"
"HU4","2020-09-29","5.98","5.98","5.98","5.98","1000"
"HU4","2020-10-01","5.28","5.98","5.28","5.98","1600"
"HU4","2020-10-02","6.07","6.07","6.07","6.07","100"
"HU4","2020-10-06","5.45","5.72","5.45","5.45","2200"
"HU4","2020-10-07","6.42","6.42","6.42","6.42","100"
"HU4","2020-10-08","5.98","5.98","5.98","5.98","1800"
"HU4","2020-10-09","6.16","6.16","6.16","6.16","4500"
"HU4","2020-10-12","6.16","6.16","6.16","6.16","1000"
"HU4","2020-10-21","6.16","6.25","6.16","6.25","7000"
"HU4","2020-10-29","5.8","5.8","5.72","5.72","4000"
"HU4","2020-10-30","6.33","6.33","6.33","6.33","100"
"HU4","2020-11-19","5.98","6.07","5.98","5.98","1200"
"HU4","2020-11-20","5.98","5.98","5.98","5.98","1100"
"HU4","2020-11-24","6.33","6.33","6.33","6.33","100"
"HU4","2020-11-26","6.25","6.33","6.25","6.33","26000"
"HU4","2020-11-27","6.33","6.33","6.33","6.33","3300"
"HU4","2020-11-30","6.33","6.33","6.33","6.33","1000"
"HU4","2020-12-01","6.68","6.77","6.68","6.77","69600"
"HU4","2020-12-02","6.42","6.42","6.42","6.42","1100"
"HU4","2020-12-07","7.04","7.04","7.04","7.04","100"
"HU4","2020-12-08","6.6","6.6","6.6","6.6","1200"
"HU4","2020-12-09","6.6","6.68","6.6","6.68","8500"
"HU4","2020-12-10","7.3","7.3","7.3","7.3","100"
"HU4","2020-12-11","7.21","7.21","7.21","7.21","200"
"HU4","2020-12-14","7.04","7.21","7.04","7.21","4900"
"HU4","2020-12-15","7.3","7.3","7.04","7.04","5200"
"HU4","2020-12-16","7.04","7.04","7.04","7.04","2000"
"HU4","2020-12-17","7.04","7.21","7.04","7.21","2000"
"HU4","2020-12-18","7.21","7.56","7.13","7.56","6600"
"HU4","2020-12-21","7.21","7.21","7.21","7.21","200"
"HU4","2020-12-22","7.3","7.3","7.3","7.3","4200"
"HU4","2020-12-23","7.92","7.92","7.83","7.92","11000"
"HU4","2020-12-24","8.62","8.62","7.92","7.92","8000"
"HU4","2020-12-25","8.09","8.09","8.09","8.09","7000"
"HU4","2020-12-28","7.92","7.92","7.92","7.92","3000"
"HU4","2020-12-29","7.92","7.92","7.92","7.92","4100"
"HU4","2020-12-30","7.92","7.92","7.92","7.92","8900"
"HU4","2020-12-31","7.92","7.92","7.92","7.92","48400"
"HU4","2021-01-05","8.36","8.36","7.92","7.92","38000"
"HU4","2021-01-06","7.92","7.92","7.92","7.92","5100"
"HU4","2021-01-07","7.92","7.92","7.92","7.92","5000"
"HU4","2021-01-08","8.36","8.36","7.92","8.36","5100"
"HU4","2021-01-11","8.09","8.18","8.09","8.18","18200"
"HU4","2021-01-12","8.18","8.18","8.18","8.18","3900"
"HU4","2021-01-13","8.36","9.32","8.27","8.44","68700"
"HU4","2021-01-14","8.44","9.59","8.36","9.59","120500"
"HU4","2021-01-15","10.99","10.99","10.99","10.99","130100"
"HU4","2021-01-18","12.58","12.58","12.58","12.58","215600"
"HU4","2021-01-19","14.43","14.43","12.49","13.46","459900"
"HU4","2021-01-20","14.25","14.25","13.19","13.63","107200"
"HU4","2021-01-21","13.46","13.46","12.31","12.31","233600"
"HU4","2021-01-22","10.99","14.07","10.99","13.46","344100"
"HU4","2021-01-25","13.19","14.95","13.19","14.78","210400"
"HU4","2021-01-26","15.13","16.27","15.13","15.83","334800"
"HU4","2021-01-27","15.83","15.83","14.07","14.51","304700"
"HU4","2021-01-28","14.51","14.51","12.67","12.67","163300"
"HU4","2021-01-29","11.08","14.69","11.08","14.07","81900"
"HU4","2021-02-01","13.81","14.16","12.49","12.49","63000"
"HU4","2021-02-02","12.75","13.72","12.75","13.63","36600"
"HU4","2021-02-03","13.55","14.34","13.46","13.72","96500"
"HU4","2021-02-04","13.9","13.98","13.37","13.63","56900"
"HU4","2021-02-05","13.46","14.95","13.19","14.43","148100"
"HU4","2021-02-08","14.34","15.83","14.34","14.87","213800"
"HU4","2021-02-09","14.69","15.22","14.6","15.04","102700"
"HU4","2021-02-17","15.04","15.66","14.95","15.48","121700"
"HU4","2021-02-18","15.48","16.27","15.3","15.83","172900"
"HU4","2021-02-19","15.83","15.83","15.04","15.66","136900"
"HU4","2021-02-22","15.83","17.15","15.83","17.06","339700"
"HU4","2021-02-23","17.15","18.12","17.15","17.94","140500"
"HU4","2021-02-24","17.77","18.3","17.33","17.86","156700"
"HU4","2021-02-25","18.03","18.03","17.24","17.33","140000"
"HU4","2021-02-26","17.33","17.59","16.89","17.33","97600"
"HU4","2021-03-01","17.24","18.03","16.98","17.59","139100"
"HU4","2021-03-02","17.68","17.77","17.42","17.59","98400"
"HU4","2021-03-03","17.42","17.59","17.06","17.42","111200"
"HU4","2021-03-04","17.33","17.5","16.45","16.89","117200"
"HU4","2021-03-05","16.54","16.8","16.27","16.8","154800"
"HU4","2021-03-08","16.8","17.68","16.8","17.59","113200"
"HU4","2021-03-09","17.86","18.3","17.42","17.94","231400"
"HU4","2021-03-10","18.03","18.03","17.59","17.94","122000"
"HU4","2021-03-11","17.94","20.49","17.77","20.49","375800"
"HU4","2021-03-12","20.67","21.99","20.23","21.55","314100"
"HU4","2021-03-15","21.64","22.69","21.29","21.37","207600"
"HU4","2021-03-16","21.37","21.37","20.41","20.41","216600"
"HU4","2021-03-17","21.11","21.11","19.97","20.76","154700"
"HU4","2021-03-18","20.76","21.99","20.76","21.73","198300"
"HU4","2021-03-19","21.73","22.87","21.73","22.52","226000"
"HU4","2021-03-22","22.52","22.52","21.55","21.99","106000"
"HU4","2021-03-23","21.81","21.99","20.23","21.37","153200"
"HU4","2021-03-24","21.29","21.29","20.23","20.32","179700"
"HU4","2021-03-25","20.58","21.29","19.88","20.49","113600"
"HU4","2021-03-26","20.23","20.58","17.59","20.58","180500"
"HU4","2021-03-29","21.02","21.02","20.14","20.49","71400"
"HU4","2021-03-30","20.41","20.58","20.23","20.32","47900"
"HU4","2021-03-31","21.11","21.11","19.79","19.79","143600"
"HU4","2021-04-01","19.79","20.05","19.53","20.05","90200"
"HU4","2021-04-02","20.14","20.67","20.05","20.05","54700"
"HU4","2021-04-05","20.23","20.67","20.23","20.58","139000"
"HU4","2021-04-06","20.32","20.49","19.97","20.14","139600"
"HU4","2021-04-07","20.41","20.58","19.61","20.49","120000"
"HU4","2021-04-08","20.67","20.67","20.23","20.23","150200"
"HU4","2021-04-09","20.41","20.41","20.05","20.41","66600"
"HU4","2021-04-12","20.41","20.41","19.61","19.79","69000"
"HU4","2021-04-13","19.7","19.7","18.91","18.91","194500"
"HU4","2021-04-14","18.73","19.18","18.12","19.09","108700"
"HU4","2021-04-15","18.56","19.7","18.56","18.56","93500"
"HU4","2021-04-16","18.56","18.56","16.89","17.86","115200"
"HU4","2021-04-19","17.86","18.47","16.36","17.59","114700"
"HU4","2021-04-20","17.59","17.94","16.71","16.89","77800"
"HU4","2021-04-22","16.98","16.98","15.22","15.22","165200"
"HU4","2021-04-23","15.22","16.01","14.07","15.83","71900"
"HU4","2021-04-26","15.74","15.74","14.51","15.13","58500"
"HU4","2021-04-27","15.13","15.13","14.07","14.16","37000"
"HU4","2021-04-28","14.51","14.78","13.37","14.78","78100"
"HU4","2021-04-29","14.78","16.18","14.69","15.66","74600"
"HU4","2021-05-04","15.22","15.83","14.78","15.39","52700"
"HU4","2021-05-05","15.39","15.39","14.87","14.95","69400"
"HU4","2021-05-06","15.04","15.48","14.78","15.13","58400"
"HU4","2021-05-07","14.95","14.95","13.72","14.25","93300"
"HU4","2021-05-10","14.25","14.25","13.63","13.9","81500"
"HU4","2021-05-11","13.81","14.43","13.81","14.16","91100"
"HU4","2021-05-12","14.16","15.22","14.16","15.22","81000"
"HU4","2021-05-13","15.13","15.3","14.87","14.95","92100"
"HU4","2021-05-14","14.95","14.95","14.07","14.78","70600"
"HU4","2021-05-17","14.69","14.78","14.25","14.34","22100"
"HU4","2021-05-18","14.51","14.51","14.07","14.07","72100"
"HU4","2021-05-19","14.16","14.16","13.9","13.98","27800"
"HU4","2021-05-20","13.98","13.98","12.75","13.63","110900"
"HU4","2021-05-21","13.19","14.43","13.11","13.9","76900"
"HU4","2021-05-24","13.63","14.87","13.63","14.87","75600"
"HU4","2021-05-25","14.78","14.87","14.25","14.43","59900"
"HU4","2021-05-26","14.07","14.43","13.9","14.16","48200"
"HU4","2021-05-27","14.07","14.16","13.72","13.9","44400"
"HU4","2021-05-28","13.9","13.9","13.63","13.63","43900"
"HU4","2021-05-31","13.63","13.63","13.19","13.19","71900"
"HU4","2021-06-01","13.37","13.37","13.02","13.19","89200"
"HU4","2021-06-02","13.19","15.13","13.19","15.13","251700"
"HU4","2021-06-03","16.01","16.27","14.87","14.87","63600"
"HU4","2021-06-04","14.95","14.95","14.16","14.51","60000"
"HU4","2021-06-07","14.34","14.34","13.46","13.98","128700"
"HU4","2021-06-08","13.98","14.07","13.55","13.63","58400"
"HU4","2021-06-09","13.63","13.98","13.19","13.9","44400"
"HU4","2021-06-10","13.55","14.07","13.55","13.72","16600"
"HU4","2021-06-11","13.72","14.43","13.72","13.98","52000"
"HU4","2021-06-14","13.98","14.95","13.9","14.07","35100"
"HU4","2021-06-15","13.72","13.98","13.72","13.9","23900"
"HU4","2021-06-16","13.72","14.51","13.63","14.16","68900"
"HU4","2021-06-17","13.98","14.51","13.81","14.07","59900"
"HU4","2021-06-18","13.98","14.34","13.9","14.34","64000"
"HU4","2021-06-21","14.34","14.34","13.9","14.16","95400"
"HU4","2021-06-22","14.16","15.22","14.16","14.69","111100"
"HU4","2021-06-23","14.78","15.13","14.69","14.87","133600"
"HU4","2021-06-24","15.04","15.04","14.51","14.69","54700"
"HU4","2021-06-25","14.78","14.87","14.6","14.6","81600"
"HU4","2021-06-28","14.69","14.69","13.98","14.34","85200"
"HU4","2021-06-29","14.34","14.34","13.98","14.07","82400"
"HU4","2021-06-30","13.98","14.43","13.63","14.16","31600"
"HU4","2021-07-01","14.07","14.34","14.07","14.16","31600"
"HU4","2021-07-02","14.16","14.25","13.9","14.07","59200"
"HU4","2021-07-05","13.81","13.81","13.72","13.81","41400"
"HU4","2021-07-06","13.81","13.9","13.37","13.37","76100"
"HU4","2021-07-07","13.37","13.63","13.19","13.63","46300"
"HU4","2021-07-08","13.28","13.28","13.19","13.19","30500"
"HU4","2021-07-09","13.19","13.19","12.58","12.67","37500"
"HU4","2021-07-12","12.67","12.67","11.26","11.61","100700"
"HU4","2021-07-13","11.44","11.61","10.82","10.99","87200"
"HU4","2021-07-14","11.17","12.14","11.08","11.7","58300"
"HU4","2021-07-15","11.44","11.96","11.35","11.87","17000"
"HU4","2021-07-16","11.61","11.79","11.52","11.61","36500"
"HU4","2021-07-19","11.7","11.7","10.99","10.99","61600"
"HU4","2021-07-20","11.52","11.52","10.73","11.17","29500"
"HU4","2021-07-21","11.08","11.35","11.08","11.08","12200"
"HU4","2021-07-22","11.26","11.87","11.08","11.7","48900"
"HU4","2021-07-23","11.87","11.87","11.44","11.44","42900"
"HU4","2021-07-26","11.44","11.7","11.26","11.7","26000"
"HU4","2021-07-27","11.61","11.79","11.61","11.7","55700"
"HU4","2021-07-28","11.7","11.87","11.44","11.7","40600"
"HU4","2021-07-29","11.7","11.7","11.35","11.35","30400"
"HU4","2021-07-30","11.44","11.61","11.26","11.52","34700"
"HU4","2021-08-02","11.26","11.44","11.17","11.17","36200"
"HU4","2021-08-03","11.44","11.44","11.17","11.44","43200"
"HU4","2021-08-04","11.44","11.61","11.26","11.26","40700"
"HU4","2021-08-05","11.35","11.52","11.35","11.52","39900"
"HU4","2021-08-06","11.44","13.11","11.44","12.93","147300"
"HU4","2021-08-09","12.75","14.07","12.75","13.98","108900"
"HU4","2021-08-10","14.16","14.43","13.63","13.72","88900"
"HU4","2021-08-11","13.63","13.98","12.84","13.28","165200"
"HU4","2021-08-12","13.02","13.19","12.49","13.19","86500"
"HU4","2021-08-13","12.75","13.46","12.75","13.19","60900"
"HU4","2021-08-16","13.63","13.63","13.11","13.63","73700"
"HU4","2021-08-17","13.19","13.63","13.19","13.55","43200"
"HU4","2021-08-18","13.9","13.9","13.46","13.63","51600"
"HU4","2021-08-19","13.63","13.81","13.28","13.81","86900"
"HU4","2021-08-20","13.72","13.98","13.02","13.37","138800"
"HU4","2021-08-23","12.75","13.37","12.75","12.75","67900"
"HU4","2021-08-24","14.78","14.78","12.75","12.84","54800"
"HU4","2021-08-25","12.93","13.46","12.84","13.02","22600"
"HU4","2021-08-26","13.02","13.46","13.02","13.28","22100"
"HU4","2021-08-27","13.19","13.55","13.11","13.55","43400"
"HU4","2021-08-30","13.46","15.3","13.37","15.3","500200"
"HU4","2021-08-31","15.3","16.27","15.13","15.57","274900"
"HU4","2021-09-01","15.48","15.83","15.22","15.74","116200"
"HU4","2021-09-06","15.66","16.71","15.66","16.62","310900"
"HU4","2021-09-07","16.18","16.18","15.3","15.66","206300"
"HU4","2021-09-08","14.07","15.48","14.07","15.22","126300"
"HU4","2021-09-09","15.22","15.92","14.95","15.92","121000"
"HU4","2021-09-10","15.92","16.54","15.48","15.66","56300"
"HU4","2021-09-13","15.74","16.18","15.04","15.22","97500"
"HU4","2021-09-14","15.22","15.57","14.95","15.57","89000"
"HU4","2021-09-15","15.66","16.27","15.3","16.01","202000"
"HU4","2021-09-16","16.01","16.54","15.83","16.1","132800"
"HU4","2021-09-17","16.27","17.59","16.27","17.24","255700"
"HU4","2021-09-20","17.59","19.26","17.24","18.65","269600"
"HU4","2021-09-21","18.65","18.65","17.06","18.56","250700"
"HU4","2021-09-22","18.56","18.73","18.21","18.56","176500"
"HU4","2021-09-23","18.47","18.65","17.59","17.68","146700"
"HU4","2021-09-24","18.47","18.47","17.06","17.15","116000"
"HU4","2021-09-27","17.06","17.15","15.04","15.39","233000"
"HU4","2021-09-28","14.95","16.98","14.95","16.36","117500"
"HU4","2021-09-29","15.83","16.36","15.39","16.36","56600"
"HU4","2021-09-30","16.1","16.45","15.66","16.18","36700"
"HU4","2021-10-01","16.18","16.45","15.74","16.1","55500"
"HU4","2021-10-04","16.18","17.59","16.18","17.42","235600"
"HU4","2021-10-05","17.42","18.3","17.42","17.77","188800"
"HU4","2021-10-06","18.03","20.23","17.86","19.7","424500"
"HU4","2021-10-07","19.7","19.7","19","19.26","273600"
"HU4","2021-10-08","19.26","20.85","19.26","20.14","350900"
"HU4","2021-10-11","20.5","20.5","19.68","20.32","214500"
"HU4","2021-10-12","20.23","20.23","19.14","19.5","223500"
"HU4","2021-10-13","19.68","19.87","19.14","19.87","103000"
"HU4","2021-10-14","19.77","20.5","19.5","19.87","211200"
"HU4","2021-10-15","20.05","20.59","19.77","20.14","221700"
"HU4","2021-10-18","20.14","21.05","20.14","20.5","242400"
"HU4","2021-10-19","20.5","20.5","19.68","20.23","144300"
"HU4","2021-10-20","20.23","20.23","19.5","19.87","112600"
"HU4","2021-10-21","19.77","19.77","18.59","18.77","277200"
"HU4","2021-10-22","18.77","20.14","18.59","20.05","225200"
"HU4","2021-10-25","19.96","21.42","19.96","20.87","285900"
"HU4","2021-10-26","20.96","20.96","20.05","20.69","123400"
"HU4","2021-10-27","20.5","21.87","20.05","21.42","453000"
"HU4","2021-10-28","21.42","22.05","20.78","21.78","258200"
"HU4","2021-10-29","21.6","21.6","20.96","21.05","251100"
"HU4","2021-11-01","21.05","21.6","20.41","20.87","281400"
"HU4","2021-11-02","20.78","23.97","19.77","23.97","738200"
"HU4","2021-11-03","25.97","25.97","22.78","24.24","918800"
"HU4","2021-11-04","25.33","25.33","23.06","24.51","173900"
"HU4","2021-11-05","23.88","24.15","23.15","23.33","255400"
"HU4","2021-11-08","23.51","25.79","22.78","24.88","287000"
"HU4","2021-11-09","25.52","25.7","24.79","25.33","256400"
"HU4","2021-11-10","25.52","27.98","25.52","27.25","333800"
"HU4","2021-11-11","27.16","27.16","25.52","26.61","358000"
"HU4","2021-11-12","26.43","30.35","25.88","28.89","691800"
"HU4","2021-11-15","28.89","32.72","28.89","32.72","579000"
"HU4","2021-11-16","32.72","33.26","30.53","31.17","325500"
"HU4","2021-11-17","30.8","30.89","29.16","29.43","374300"
"HU4","2021-11-18","29.62","32.81","28.07","30.89","376100"
"HU4","2021-11-19","31.26","31.26","25.43","28.16","392800"
"HU4","2021-11-22","28.16","28.25","24.15","24.24","416900"
"HU4","2021-11-23","24.24","27.8","22.87","26.88","313000"
"HU4","2021-11-24","27.8","27.8","26.43","26.61","78400"
"HU4","2021-11-25","26.7","27.34","25.33","26.88","154300"
"HU4","2021-11-26","26.43","27.34","25.7","26.06","107300"
"HU4","2021-11-29","24.42","26.97","23.69","26.61","180000"
"HU4","2021-11-30","26.61","26.61","25.7","26.43","127400"
"HU4","2021-12-01","26.43","26.43","25.52","25.88","95800"
"HU4","2021-12-02","25.43","25.97","25.33","25.7","86100"
"HU4","2021-12-03","25.61","25.61","23.69","23.69","174300"
"HU4","2021-12-06","23.69","24.61","21.05","22.78","181200"
"HU4","2021-12-07","23.6","23.6","21.42","22.78","155200"
"HU4","2021-12-08","23.24","23.24","22.42","23.06","79100"
"HU4","2021-12-09","22.87","24.7","22.87","24.24","101200"
"HU4","2021-12-10","24.24","25.24","24.06","24.51","76400"
"HU4","2021-12-13","24.51","24.79","23.69","24.33","131000"
"HU4","2021-12-14","24.15","25.06","24.15","24.33","142200"
"HU4","2021-12-15","25.06","25.06","23.69","24.42","110000"
"HU4","2021-12-16","24.42","24.51","23.88","24.15","85300"
"HU4","2021-12-17","24.24","26.43","23.88","26.15","379400"
"HU4","2021-12-20","26.43","26.43","24.88","25.43","120800"
"HU4","2021-12-21","25.43","25.43","24.88","25.15","76900"
"HU4","2021-12-22","24.97","26.61","24.97","26.43","300700"
"HU4","2021-12-23","26.43","27.25","25.06","25.88","199400"
"HU4","2021-12-24","25.88","25.88","25.06","25.15","86900"
"HU4","2021-12-27","24.61","25.52","23.79","25.24","111400"
"HU4","2021-12-28","24.88","24.88","23.79","24.61","184300"
"HU4","2021-12-29","24.42","24.79","23.51","24.06","131500"
"HU4","2021-12-30","23.69","23.88","22.69","23.06","104900"
"HU4","2021-12-31","23.06","23.06","22.05","22.33","124900"
"HU4","2022-01-04","22.33","23.6","22.14","23.06","72300"
"HU4","2022-01-05","23.24","25.43","23.15","24.06","168550"
"HU4","2022-01-06","23.97","24.06","23.24","23.33","104020"
"HU4","2022-01-07","23.24","23.24","22.69","23.15","184166"
"HU4","2022-01-10","22.33","24.33","21.96","23.06","199200"
"HU4","2022-01-11","23.06","23.42","22.6","22.87","113001"
"HU4","2022-01-12","22.05","22.78","20.5","21.14","188100"
"HU4","2022-01-13","21.23","21.23","18.41","19.05","162200"
"HU4","2022-01-14","19.05","20.5","18.14","19.87","111908"
"HU4","2022-01-17","19.23","20.69","18.23","18.41","64500"
"HU4","2022-01-18","18.23","18.32","16.4","16.59","86700"
"HU4","2022-01-19","16.59","16.95","16.04","16.22","123900"
"HU4","2022-01-20","16.59","17.68","15.95","17.5","104600"
"HU4","2022-01-21","17.59","18.14","17.59","18.04","113100"
"HU4","2022-01-24","18.23","18.23","16.04","16.13","54300"
"HU4","2022-01-25","16.13","17.5","15.58","17.41","60300"
"HU4","2022-01-26","17.77","17.77","16.22","16.77","61100"
"HU4","2022-01-27","16.4","17.32","16.13","16.4","17300"
"HU4","2022-01-28","16.4","16.86","16.13","16.86","50170"
"HU4","2022-02-07","16.86","17.5","16.86","17.04","24420"
"HU4","2022-02-08","17.32","17.32","16.68","16.95","54100"
"HU4","2022-02-09","17.32","17.32","16.86","17.13","30650"
"HU4","2022-02-10","17.22","18.23","17.22","17.77","63600"
"HU4","2022-02-11","17.77","17.86","17.32","17.5","32500"
"HU4","2022-02-14","17.5","17.5","17.13","17.22","50100"
"HU4","2022-02-15","16.95","17.5","16.86","17.22","39000"
"HU4","2022-02-16","17.22","18.32","17.22","17.77","91073"
"HU4","2022-02-17","17.86","17.86","17.32","17.86","21337"
"HU4","2022-02-18","17.5","18.14","17.5","18.04","96800"
"HU4","2022-02-21","18.23","19.96","18.23","19.68","136805"
"HU4","2022-02-22","19.41","19.5","18.41","18.86","90400"
"HU4","2022-02-23","18.95","19.96","18.77","19.41","140500"
"HU4","2022-02-24","18.86","19.14","17.86","18.59","140800"
"HU4","2022-02-25","18.59","19.5","18.04","18.95","63800"
"HU4","2022-02-28","18.68","19.14","18.41","18.95","37100"
"HU4","2022-03-01","18.77","19.05","18.5","18.86","66250"
"HU4","2022-03-02","18.86","19.14","18.32","18.59","71500"
"HU4","2022-03-03","18.59","18.68","18.32","18.68","45101"
"HU4","2022-03-04","18.5","19.14","18.5","18.77","98021"
"HU4","2022-03-07","18.59","20.14","18.59","20.14","341100"
"HU4","2022-03-08","20.23","20.87","19.77","20.05","140664"
"HU4","2022-03-09","20.05","20.14","19.23","19.77","66450"
"HU4","2022-03-10","19.77","19.87","19.5","19.87","68411"
"HU4","2022-03-11","19.41","19.68","18.95","19.05","134800"
"HU4","2022-03-14","18.77","19.32","17.5","18.23","79000"
"HU4","2022-03-15","18.23","19.41","18.23","19.05","126500"
"HU4","2022-03-16","19.05","19.05","18.77","18.95","31100"
"HU4","2022-03-17","18.95","19.14","18.32","18.68","53300"
"HU4","2022-03-18","19.14","19.14","18.59","18.77","41626"
"HU4","2022-03-21","18.68","19.23","18.5","19.14","118500"
"HU4","2022-03-22","18.95","19.96","18.95","19.41","130908"
"HU4","2022-03-23","19.41","19.59","19.14","19.14","69500"
"HU4","2022-03-24","19.05","19.32","18.95","19.14","85900"
"HU4","2022-03-25","19.68","19.68","18.86","19.23","97600"
"HU4","2022-03-28","18.95","18.95","18.23","18.68","134700"
"HU4","2022-03-29","18.59","19.32","18.59","18.95","124026"
"HU4","2022-03-30","18.95","18.95","18.04","18.14","114200"
"HU4","2022-03-31","18.23","18.86","18.23","18.5","44600"
"HU4","2022-04-01","18.14","19.23","18.14","18.77","85900"
"HU4","2022-04-04","19.59","19.59","18.59","18.86","27300"
"HU4","2022-04-05","18.86","18.86","18.41","18.68","34000"
"HU4","2022-04-06","18.32","18.59","18.14","18.5","72300"
"HU4","2022-04-07","18.5","18.5","17.5","17.86","73100"
"HU4","2022-04-08","17.86","18.04","17.68","17.77","59828"
"HU4","2022-04-12","17.77","17.95","16.4","16.4","46900"
"HU4","2022-04-13","16.68","18.23","16.4","18.23","55200"
"HU4","2022-04-14","18.04","18.04","16.95","17.22","24200"
"HU4","2022-04-15","17.22","17.22","16.68","16.86","26100"
"HU4","2022-04-18","16.68","16.68","15.77","16.13","69400"
"HU4","2022-04-19","16.22","16.95","15.77","16.31","64000"
"HU4","2022-04-20","16.13","16.13","14.49","14.67","76600"
"HU4","2022-04-21","14.31","14.31","13.3","13.4","106500"
"HU4","2022-04-22","13.67","14.76","13.67","14.31","59900"
"HU4","2022-04-25","14.85","14.95","13.49","13.58","71600"
"HU4","2022-04-26","13.58","14.4","12.94","14.13","47320"
"HU4","2022-04-27","14.13","14.13","13.67","14.03","34300"
"HU4","2022-04-28","14.13","14.31","13.67","14.22","49900"
"HU4","2022-04-29","14.31","14.4","13.85","14.4","70900"
"HU4","2022-05-04","14.22","14.67","14.22","14.31","38468"
"HU4","2022-05-05","14.13","14.95","13.94","14.4","17002"
"HU4","2022-05-06","14.22","14.22","13.21","13.21","25300"
"HU4","2022-05-09","13.3","13.85","12.3","12.3","61500"
"HU4","2022-05-10","12.03","13.03","12.03","13.03","69206"
"HU4","2022-05-11","13.03","13.4","12.21","12.85","56300"
"HU4","2022-05-12","13.21","13.21","11.85","11.85","28800"
"HU4","2022-05-13","11.85","12.3","11.3","11.3","49500"
"HU4","2022-05-16","11.3","12.76","11.3","11.94","81400"
"HU4","2022-05-17","12.48","13.21","11.57","12.76","26400"
"HU4","2022-05-18","12.85","12.85","12.67","12.76","50200"
"HU4","2022-05-19","12.48","13.03","12.39","12.39","39000"
"HU4","2022-05-20","12.12","12.76","12.12","12.3","44000"
"HU4","2022-05-23","12.48","12.48","12.21","12.21","19000"
"HU4","2022-05-24","11.94","12.12","11.85","12.03","40848"
"HU4","2022-05-25","11.85","12.67","11.85","12.67","28400"
"HU4","2022-05-26","12.39","12.76","12.39","12.39","51900"
"HU4","2022-05-27","12.67","12.67","12.58","12.58","19200"
"HU4","2022-05-30","13.12","13.12","12.58","12.76","57421"
"HU4","2022-05-31","12.76","12.85","12.48","12.58","43300"
"HU4","2022-06-01","12.67","12.67","12.39","12.67","7251"
"HU4","2022-06-02","12.58","12.58","11.85","12.12","95500"
"HU4","2022-06-03","12.21","12.21","11.66","12.03","83200"
"HU4","2022-06-06","11.39","11.76","10.94","11.03","125300"
"HU4","2022-06-07","10.94","10.94","10.21","10.39","69700"
"HU4","2022-06-08","10.66","10.84","10.3","10.66","40400"
"HU4","2022-06-09","10.57","10.66","10.48","10.48","39400"
"HU4","2022-06-10","10.48","10.66","10.48","10.57","23900"
"HU4","2022-06-13","10.48","10.57","9.93","10.3","50700"
"HU4","2022-06-14","10.21","10.3","9.66","9.75","60700"
"HU4","2022-06-15","9.66","9.66","8.66","8.75","136500"
"HU4","2022-06-16","9.11","9.57","9.11","9.11","33500"
"HU4","2022-06-17","8.47","8.47","8.11","8.29","86200"
"HU4","2022-06-20","8.29","8.29","7.66","7.66","41000"
"HU4","2022-06-21","7.66","7.66","7.02","7.11","39300"
"HU4","2022-06-22","7.29","8.38","7.29","7.75","64400"
"HU4","2022-06-23","8.2","8.2","7.66","7.93","20100"
"HU4","2022-06-24","8.38","8.38","8.11","8.11","33500"
"HU4","2022-06-27","8.2","8.75","8.2","8.75","36900"
"HU4","2022-06-28","8.57","9.39","8.47","9.29","45700"
"HU4","2022-06-29","9.02","9.39","9.02","9.11","10100"
"HU4","2022-06-30","9.11","9.2","9.02","9.02","6200"
"HU4","2022-07-01","9.11","9.11","8.75","9.11","22800"
"HU4","2022-07-04","9.29","9.29","8.84","9.2","47600"
"HU4","2022-07-05","9.11","9.39","9.11","9.39","28200"
"HU4","2022-07-06","9.11","9.11","8.84","8.84","6600"
"HU4","2022-07-07","8.93","8.93","8.84","8.93","5100"
"HU4","2022-07-08","8.84","8.93","8.66","8.84","8800"
"HU4","2022-07-11","8.47","9.02","8.47","8.93","28900"
"HU4","2022-07-12","9.48","9.48","9.11","9.48","40000"
"HU4","2022-07-13","9.48","9.75","9.39","9.39","15300"
"HU4","2022-07-14","9.39","9.66","9.2","9.39","8400"
"HU4","2022-07-15","9.39","9.57","9.39","9.57","15100"
"HU4","2022-07-18","9.57","10.12","9.39","9.57","173700"
"HU4","2022-07-19","9.57","10.21","9.57","10.21","8800"
"HU4","2022-07-20","10.39","10.48","9.84","10.3","16300"
"HU4","2022-07-21","10.3","10.3","9.84","10.02","30500"
"HU4","2022-07-22","9.93","10.12","9.93","10.02","16300"
"HU4","2022-07-25","10.02","10.02","9.75","9.75","6500"
"HU4","2022-07-26","10.02","10.02","9.84","10.02","9450"
"HU4","2022-07-27","9.93","9.93","9.39","9.93","15200"
"HU4","2022-07-28","9.93","10.21","9.93","9.93","6300"
"HU4","2022-07-29","10.39","10.39","9.75","9.93","18500"
"HU4","2022-08-01","9.93","10.02","9.84","10.02","28406"
"HU4","2022-08-02","9.93","10.39","9.93","10.12","27200"
"HU4","2022-08-03","10.3","10.39","10.02","10.3","33500"
"HU4","2022-08-04","9.93","10.48","9.93","10.39","22600"
"HU4","2022-08-05","10.39","10.48","10.39","10.39","13200"
"HU4","2022-08-08","10.39","10.66","10.39","10.48","35900"
"HU4","2022-08-09","10.48","10.66","10.48","10.57","47000"
"HU4","2022-08-10","11.21","11.21","10.57","10.57","25800"
"HU4","2022-08-11","10.66","10.66","10.3","10.3","56210"
"HU4","2022-08-12","10.48","10.48","10.21","10.39","7000"
"HU4","2022-08-15","10.3","10.48","10.3","10.3","6200"
"HU4","2022-08-16","10.21","10.3","10.02","10.3","21200"
"HU4","2022-08-17","10.21","10.48","10.02","10.3","19290"
"HU4","2022-08-18","10.21","10.21","9.84","9.84","51600"
"HU4","2022-08-19","9.93","10.02","9.66","9.84","10000"
"HU4","2022-08-22","9.84","9.84","9.75","9.84","9854"
"HU4","2022-08-23","9.84","10.66","9.75","10.66","19300"
"HU4","2022-08-24","10.39","10.39","9.84","9.93","18100"
"HU4","2022-08-25","10.3","10.3","9.84","10.02","10500"
"HU4","2022-08-26","9.93","10.02","9.84","9.84","13500"
"HU4","2022-08-29","10.12","10.12","9.66","9.93","115600"
"HU4","2022-08-30","9.93","10.21","9.93","10.02","51600"
"HU4","2022-08-31","10.3","11.57","10.12","11.57","455200"
"HU4","2022-09-05","12.03","12.76","11.39","12.58","284300"
"HU4","2022-09-06","12.85","13.12","11.39","11.94","167400"
"HU4","2022-09-07","11.48","11.94","10.94","10.94","137400"
"HU4","2022-09-08","10.94","11.21","10.75","10.94","115600"
"HU4","2022-09-09","11.21","11.21","10.75","10.94","47600"
"HU4","2022-09-12","11.85","11.85","11.12","11.39","53500"
"HU4","2022-09-13","11.76","11.76","11.21","11.3","39900"
"HU4","2022-09-14","11.21","11.3","10.94","11.12","52000"
"HU4","2022-09-15","11.48","11.66","11.12","11.3","19500"
"HU4","2022-09-16","11.48","11.48","11.21","11.3","45900"
"HU4","2022-09-19","11.21","11.21","10.48","10.66","60500"
"HU4","2022-09-20","10.66","10.94","10.48","10.75","43600"
"HU4","2022-09-21","10.66","11.03","10.66","10.66","28900"
"HU4","2022-09-22","10.75","11.12","10.75","10.94","23500"
"HU4","2022-09-23","11.3","11.3","10.66","10.66","38600"
"HU4","2022-09-26","10.84","10.84","10.3","10.48","31000"
"HU4","2022-09-27","10.48","10.84","10.48","10.75","26500"
"HU4","2022-09-28","10.75","10.75","10.48","10.48","28800"
"HU4","2022-09-29","10.66","10.84","10.48","10.48","30400"
"HU4","2022-09-30","10.48","10.57","9.93","10.3","36000"
"HU4","2022-10-03","10.3","10.3","10.12","10.21","49500"
"HU4","2022-10-04","10.21","10.39","10.12","10.3","37800"
"HU4","2022-10-05","10.9","10.9","10.5","10.6","13000"
"HU4","2022-10-06","10.6","10.8","10.2","10.6","17900"
"HU4","2022-10-07","9","10.2","8.9","9.7","14000"
"HU4","2022-10-10","10.3","10.3","9","10","37500"
"HU4","2022-10-11","10","10","9.1","9.6","44400"
"HU4","2022-10-12","9.5","9.9","9","9.6","40300"
"HU4","2022-10-13","9.3","9.4","8.5","9","39900"
"HU4","2022-10-14","9.3","9.3","8.9","9.1","28800"
"HU4","2022-10-17","9.1","9.3","9","9.3","35000"
"HU4","2022-10-18","9.1","9.6","9.1","9.3","27700"
"HU4","2022-10-19","9.4","9.4","9","9.4","11900"
"HU4","2022-10-20","9.2","9.6","9.1","9.6","39500"
"HU4","2022-10-21","9.7","9.7","8.8","9.3","48900"
"HU4","2022-10-24","9","9","8.5","9","16300"
"HU4","2022-10-25","7.5","8.9","7.5","8","58100"
"HU4","2022-10-26","8.4","8.6","8.2","8.4","81200"
"HU4","2022-10-27","8.7","9.1","8.4","9.1","23000"
"HU4","2022-10-28","9.5","9.9","9.2","9.2","22000"
"HU4","2022-10-31","8.5","9.9","8.5","9.5","5400"
"HU4","2022-11-01","9","9.5","9","9.5","9600"
"HU4","2022-11-02","9.7","9.7","9","9","17500"
"HU4","2022-11-03","9.3","9.3","8.9","9.1","13700"
"HU4","2022-11-04","9.3","9.3","8.9","9","3700"
"HU4","2022-11-07","8.1","9","8.1","8.5","30000"
"HU4","2022-11-08","8.7","8.7","8","8.7","23300"
"HU4","2022-11-09","8.4","8.9","8.4","8.5","82400"
"HU4","2022-11-10","8.8","8.8","8","8.4","81100"
"HU4","2022-11-11","7","8.2","7","8.1","32700"
"HU4","2022-11-14","8.1","8.1","7.5","7.7","73000"
"HU4","2022-11-15","7.8","7.8","7.3","7.5","32400"
"HU4","2022-11-16","7.2","8","7","8","10400"
"HU4","2022-11-17","8.5","8.5","8","8","1600"
"HU4","2022-11-18","8","8.6","7.9","8.3","24500"
"HU4","2022-11-21","8.4","8.5","8","8.3","14900"
"HU4","2022-11-22","7.2","8.6","7.2","8.4","4100"
"HU4","2022-11-23","8.5","8.5","8","8","9900"
"HU4","2022-11-24","7.5","9.5","7.5","8.5","800"
"HU4","2022-11-25","8.2","8.5","8.2","8.5","12200"
"HU4","2022-11-28","8.5","8.9","8.5","8.7","7800"
"HU4","2022-11-29","8.2","9.4","8.2","8.9","48200"
"HU4","2022-11-30","9","9.2","8.7","9.1","54200"
"HU4","2022-12-01","9.4","9.5","9","9.2","21500"
"HU4","2022-12-02","8.9","9","8.2","8.9","24700"
"HU4","2022-12-05","9.2","9.2","8.7","9.1","36600"
"HU4","2022-12-06","9","9.1","8.6","8.6","36700"
"HU4","2022-12-07","8.6","8.9","8.3","8.3","20300"
"HU4","2022-12-08","9","9","8.6","8.9","3800"
"HU4","2022-12-09","8.4","8.8","8.4","8.7","26400"
"HU4","2022-12-12","8.8","8.8","8.6","8.6","2500"
"HU4","2022-12-13","9","9","8.4","8.9","3300"
"HU4","2022-12-14","9","9","8.6","8.8","6600"
"HU4","2022-12-15","8.9","8.9","8.2","8.6","3200"
"HU4","2022-12-16","8.8","8.9","8.3","8.9","24600"
"HU4","2022-12-19","8.8","8.8","8.7","8.7","5100"
"HU4","2022-12-20","8.4","8.5","8.2","8.5","3400"
"HU4","2022-12-21","8.4","8.5","8","8","31000"
"HU4","2022-12-22","8.2","8.6","8.1","8.2","22700"
"HU4","2022-12-23","8.2","8.3","8.2","8.3","700"
"HU4","2022-12-26","8.2","8.2","7.9","7.9","3300"
"HU4","2022-12-27","8","8.8","7.9","8","13300"
"HU4","2022-12-28","9.2","9.2","8.2","8.2","10600"
"HU4","2022-12-29","8.3","8.5","8.3","8.5","400"
"HU4","2022-12-30","8.5","8.5","8.4","8.4","2100"
"HU4","2023-01-03","8.1","8.5","8","8.5","12600"
"HU4","2023-01-04","8.5","8.6","8.5","8.5","1400"
"HU4","2023-01-05","8.5","8.5","8.5","8.5","500"
"HU4","2023-01-06","8.5","8.5","7.9","8","7700"
"HU4","2023-01-09","8.4","8.4","8.4","8.4","1500"
"HU4","2023-01-10","8","8","8","8","400"
"HU4","2023-01-11","8","8","7.9","8","8300"
"HU4","2023-01-12","8.8","8.8","7.9","7.9","200"
"HU4","2023-01-13","8.8","8.8","8","8.1","8200"
"HU4","2023-01-16","8.1","8.3","8","8.1","10900"
"HU4","2023-01-17","7.7","8","7.5","7.8","74300"
"HU4","2023-01-18","7.7","8.4","7.7","8.4","34600"
"HU4","2023-01-19","8","8.2","7.9","8","4000"
"HU4","2023-01-27","9.2","9.2","8","8","11200"
"HU4","2023-01-30","8.2","8.2","7.9","8.1","28300"
"HU4","2023-01-31","8","8.2","8","8.2","24600"
"HU4","2023-02-01","8.4","8.4","8","8.1","53400"
"HU4","2023-02-02","8.3","8.3","8","8.1","30500"
"HU4","2023-02-03","7.9","8","7.8","8","10700"
"HU4","2023-02-06","7.9","8.1","7.7","7.7","18000"
"HU4","2023-02-07","7.8","7.9","7.7","7.7","7100"
"HU4","2023-02-08","7.8","7.8","7.7","7.8","24100"
"HU4","2023-02-09","8","8","7.8","7.8","3600"
"HU4","2023-02-10","7.7","7.8","7.6","7.8","2000"
"HU4","2023-02-13","7.6","7.6","7.5","7.5","3900"
"HU4","2023-02-14","7.8","7.9","7.8","7.9","1300"
"HU4","2023-02-15","7.9","7.9","7.7","7.9","2400"
"HU4","2023-02-16","7.6","7.7","7.6","7.7","2400"
"HU4","2023-02-17","7.8","8.1","7.7","7.9","24100"
